{"winsLeaderBoard": [{"pos": 1, "nickname": "who the hell is steve jobs", "wins": 1156, "skin": 128}, {"pos": 2, "nickname": "terminalarch", "wins": 722, "skin": 204}, {"pos": 3, "nickname": "Sir Sean", "wins": 693, "skin": 263}, {"pos": 4, "nickname": "RANDOSERU", "wins": 516, "skin": 0}, {"pos": 5, "nickname": "ALEXSAIYEN", "wins": 477, "skin": 221}, {"pos": 6, "nickname": "SCOTTHELANDIAYT", "wins": 452, "skin": 170}, {"pos": 7, "nickname": "Nintendo 35", "wins": 438, "skin": 226}, {"pos": 8, "nickname": "RTLB64YT", "wins": 382, "skin": 195}, {"pos": 9, "nickname": "tetsuya", "wins": 356, "skin": 3}, {"pos": 10, "nickname": "vm  ", "wins": 341, "skin": 0}], "coinLeaderBoard": [{"pos": 1, "nickname": "terminalarch", "coins": 1050008, "skin": 204}, {"pos": 2, "nickname": "ALEXSAIYEN", "coins": 307327, "skin": 221}, {"pos": 3, "nickname": "Sir Sean", "coins": 233576, "skin": 263}, {"pos": 4, "nickname": "CODY", "coins": 204105, "skin": 179}, {"pos": 5, "nickname": "[g]luigi", "coins": 199903, "skin": 197}, {"pos": 6, "nickname": "BLUE TOAD", "coins": 186568, "skin": 4}, {"pos": 7, "nickname": "maxy dog ", "coins": 151211, "skin": 46}, {"pos": 8, "nickname": "bob esponja", "coins": 147695, "skin": 66}, {"pos": 9, "nickname": "PS123!", "coins": 139850, "skin": 180}, {"pos": 10, "nickname": "wacopyrightinfringio", "coins": 122436, "skin": 160}], "killsLeaderBoard": [{"pos": 1, "nickname": "Sir Sean", "kills": 997, "skin": 263}, {"pos": 2, "nickname": "who the hell is steve jobs", "kills": 485, "skin": 128}, {"pos": 3, "nickname": "Nintendo 35", "kills": 446, "skin": 226}, {"pos": 4, "nickname": "RTLB64YT", "kills": 297, "skin": 195}, {"pos": 5, "nickname": "LEO95", "kills": 244, "skin": 118}, {"pos": 6, "nickname": "bob esponja", "kills": 177, "skin": 66}, {"pos": 7, "nickname": "maxy dog ", "kills": 174, "skin": 46}, {"pos": 8, "nickname": "SCOTTHELANDIAYT", "kills": 166, "skin": 170}, {"pos": 9, "nickname": "Game Zone", "kills": 159, "skin": 45}, {"pos": 10, "nickname": "terminalarch", "kills": 152, "skin": 204}]}